target_account,target_account_id,status,timestamp,premium_found,total_followed
Xlyeds,38826864,completed,2025-08-07T11:52:07.529Z,5,5
Looper32,27764107,completed,2025-08-07T11:52:16.133Z,0,0
DavidH31,13251843,completed,2025-08-07T11:52:33.622Z,10,10
Karate24,22574089,completed,2025-08-07T11:52:46.340Z,2,2
Hayabusa73,19080650,completed,2025-08-07T11:52:58.856Z,3,3
Burak2729,29537977,completed,2025-08-07T11:53:14.150Z,5,5
Timbo19992,27156322,completed,2025-08-07T11:53:25.172Z,1,1
Moeper96,19946788,completed,2025-08-07T11:53:37.431Z,0,5
DaniAl1079,36794134,completed,2025-08-07T11:53:58.354Z,17,17
xTom98x,35103069,completed,2025-08-07T11:54:13.162Z,3,3
Handjob aktiv,31590342,completed,2025-08-07T11:54:36.909Z,3,3
Lieso,38483471,failed,2025-08-07T11:54:38.419Z,0,0
Dergeile23415,37842486,failed,2025-08-07T11:54:38.421Z,0,0
dogggy788,28028586,failed,2025-08-07T11:54:38.424Z,0,0
Caiso,10791321,failed,2025-08-07T11:54:38.427Z,0,0
Samenspender0815,38850558,failed,2025-08-07T11:54:38.431Z,0,0
Timati97,11385231,failed,2025-08-07T11:54:38.433Z,0,0
MelanieSissy,27011512,failed,2025-08-07T11:54:38.436Z,0,0
Myasi,22950829,failed,2025-08-07T11:54:38.441Z,0,0
Dzango,39173831,failed,2025-08-07T11:54:38.445Z,0,0
Sven94celle,15405196,failed,2025-08-07T11:54:38.449Z,0,0
Jonathan992,8753478,failed,2025-08-07T11:54:38.453Z,0,0
Raikyu77,26191495,failed,2025-08-07T11:54:38.456Z,0,0
Rexse30,32068037,failed,2025-08-07T11:54:38.458Z,0,0
Slysekt,38838963,failed,2025-08-07T11:54:38.461Z,0,0
xflowers4,32821683,failed,2025-08-07T11:54:38.463Z,0,0
Saasch1990,34494614,failed,2025-08-07T11:54:38.470Z,0,0
VersautUlm,38254816,failed,2025-08-07T11:54:38.473Z,0,0
Schnabbes,31490952,failed,2025-08-07T11:54:38.477Z,0,0
Fuckholic1987,33911209,completed,2025-08-07T22:37:45.496Z,0,0
HabkeineAhnung,39316865,completed,2025-08-07T22:37:45.575Z,0,0
sittenstrolch86,19427445,completed,2025-08-07T22:37:45.712Z,0,0
Marcos1496,25978655,completed,2025-08-07T22:37:45.833Z,0,0
MrWindsor,36526369,completed,2025-08-07T22:37:45.851Z,0,0
LeHoneybadger,13297126,completed,2025-08-07T22:37:45.996Z,0,0
Liveemanuel1989,13932672,completed,2025-08-07T22:37:46.014Z,0,0
AlexW87,33860089,completed,2025-08-07T22:37:46.255Z,0,0
Lkwdriver,27854312,completed,2025-08-07T22:37:46.509Z,0,0
Ds-Foto,2362316,completed,2025-08-07T22:37:46.528Z,0,0
Profil191,10450245,completed,2025-08-07T22:37:51.991Z,0,0
Hundeandy,38399666,completed,2025-08-07T22:37:52.052Z,0,0
Der_Chris_87,39173078,completed,2025-08-07T22:37:52.199Z,0,0
Diamantpussy,31309615,completed,2025-08-07T22:37:52.272Z,0,0
Michaelbsbs,26078235,completed,2025-08-07T22:37:52.459Z,0,0
unknownsympa,36337094,completed,2025-08-07T22:37:52.896Z,0,0
YourSlave25,18894945,completed,2025-08-07T22:37:53.145Z,0,0
HOT PANTA,19254465,completed,2025-08-07T22:37:53.354Z,0,0
Pornoboy69,27800362,completed,2025-08-07T22:37:53.762Z,0,0
BOGru1986,36359364,completed,2025-08-07T22:37:53.802Z,0,0
Marvin1122,19674460,completed,2025-08-07T22:37:56.767Z,0,0
Stift93,18286415,completed,2025-08-07T22:37:56.831Z,0,0
DNKN,35387884,completed,2025-08-07T22:37:57.034Z,0,0
NickPrime,8925666,completed,2025-08-07T22:37:57.077Z,0,0
Mirco999,13841587,completed,2025-08-07T22:37:57.234Z,0,0
Tyler99,20657413,completed,2025-08-07T22:37:57.558Z,0,0
Stone1985,3377847,completed,2025-08-07T22:37:57.865Z,0,0
Leo2811,33305054,completed,2025-08-07T22:37:58.168Z,0,0
Profil38374841,38374841,completed,2025-08-07T22:37:58.782Z,0,0
anonymously1111,10296867,completed,2025-08-07T22:37:58.946Z,0,0
Niki1278,38644396,completed,2025-08-07T22:38:01.410Z,0,0
UrlaubKlaus,10813191,completed,2025-08-07T22:38:01.450Z,0,0
Bi_robi,16826827,completed,2025-08-07T22:38:01.745Z,0,0
Zar0c,22534644,completed,2025-08-07T22:38:01.768Z,0,0
jensm74,8935557,completed,2025-08-07T22:38:01.935Z,0,0
AllmächdAllesSchonWech,19813985,completed,2025-08-07T22:38:02.266Z,0,0
Siegener1991,8366145,completed,2025-08-07T22:38:02.624Z,0,0
Ruhrpotter 50,37904146,completed,2025-08-07T22:38:03.678Z,0,0
McBaren85,4117303,completed,2025-08-07T22:38:03.754Z,0,0
Lady_christina,4160599,completed,2025-08-07T22:38:04.329Z,0,0
Mailo92,35110939,completed,2025-08-07T22:38:05.994Z,0,0
Tymoni,34210649,completed,2025-08-07T22:38:06.061Z,0,0
Bvhaaland,38246231,failed,2025-08-07T22:38:06.510Z,0,0
Julianm.27,5275061,failed,2025-08-07T22:38:06.540Z,0,0
Gorat,35666049,failed,2025-08-07T22:38:06.580Z,0,0
IAH96,35456949,failed,2025-08-07T22:38:06.621Z,0,0
Timsens23,28566132,failed,2025-08-07T22:38:06.645Z,0,0
Roccopostable,32975343,failed,2025-08-07T22:38:06.655Z,0,0
Ben0027,7758692,failed,2025-08-07T22:38:06.662Z,0,0
Dr. Spider,10990599,failed,2025-08-07T22:38:06.670Z,0,0
mika37530,17481467,failed,2025-08-07T22:38:06.678Z,0,0
Fortress,4073572,failed,2025-08-07T22:38:06.685Z,0,0
Clanz,26801890,failed,2025-08-07T22:38:06.696Z,0,0
jkofcds48,3020057,failed,2025-08-07T22:38:06.704Z,0,0
Profil4089278,4089278,failed,2025-08-07T22:38:06.714Z,0,0
NormanN98,34225519,failed,2025-08-07T22:38:06.724Z,0,0
Profil31890807,31890807,failed,2025-08-07T22:38:06.728Z,0,0
Daniel19794,35028674,failed,2025-08-07T22:38:06.737Z,0,0
Nucci123,34674924,failed,2025-08-07T22:38:06.748Z,0,0
WirsuchenM,2795600,failed,2025-08-07T22:38:06.753Z,0,0
shavedlolly01,38291326,failed,2025-08-07T22:38:06.763Z,0,0
TrooperK,35794394,failed,2025-08-07T22:38:06.806Z,0,0
Dustin2202,27951956,failed,2025-08-07T22:38:06.815Z,0,0
Momoxi,31649262,failed,2025-08-07T22:38:06.821Z,0,0
JoelHB,30885434,failed,2025-08-07T22:38:06.842Z,0,0
SinnnlicherJüngling,36442674,failed,2025-08-07T22:38:06.856Z,0,0
Tom1092,37772381,failed,2025-08-07T22:38:06.868Z,0,0
TinyDick,3251292,failed,2025-08-07T22:38:06.879Z,0,0
Hart 92,34752554,failed,2025-08-07T22:38:06.885Z,0,0
Dbbi86,32149177,failed,2025-08-07T22:38:06.891Z,0,0
Augustus8888,33824004,failed,2025-08-07T22:38:06.897Z,0,0
Profil37454046,37454046,failed,2025-08-07T22:38:06.907Z,0,0
Greenarrow,1750899,failed,2025-08-07T22:38:06.920Z,0,0
Deathwish31,20513723,failed,2025-08-07T22:38:06.927Z,0,0
Arsedia 777,36899654,failed,2025-08-07T22:38:06.934Z,0,0
Gehmann,33130049,failed,2025-08-07T22:38:06.939Z,0,0
Moselboy98,35998599,failed,2025-08-07T22:38:06.945Z,0,0
Micha69el,33453719,failed,2025-08-07T22:38:06.953Z,0,0
Hutfg,36247694,failed,2025-08-07T22:38:06.963Z,0,0
r0bert99,35623899,failed,2025-08-07T22:38:06.968Z,0,0
Timmi2239,24602180,failed,2025-08-07T22:38:06.975Z,0,0
Louis1xy,36886584,failed,2025-08-07T22:38:06.980Z,0,0
Eicherem300,14047549,failed,2025-08-07T22:38:06.989Z,0,0
Maxl1992sp,13764560,failed,2025-08-07T22:38:06.995Z,0,0
Batida de coco,6633549,failed,2025-08-07T22:38:07.002Z,0,0
Damon,21176533,failed,2025-08-07T22:38:07.008Z,0,0
Laborastronaut,32212017,failed,2025-08-07T22:38:07.013Z,0,0
BalkanDong,33632444,failed,2025-08-07T22:38:07.020Z,0,0
Retterwolf,29161712,failed,2025-08-07T22:38:07.028Z,0,0
Beans79,29800962,failed,2025-08-07T22:38:07.035Z,0,0
Andreasfake,24757925,failed,2025-08-07T22:38:07.041Z,0,0
PabloDaDali,17558687,failed,2025-08-07T22:38:07.045Z,0,0
Enatulix,32872133,failed,2025-08-07T22:38:07.054Z,0,0
88thorben,13117827,failed,2025-08-07T22:38:07.060Z,0,0
Love336,22631084,failed,2025-08-07T22:38:07.067Z,0,0
Datelove,29951882,failed,2025-08-07T22:38:07.072Z,0,0
Felix1910,26507175,failed,2025-08-07T22:38:07.078Z,0,0
Janik73929,35882054,failed,2025-08-07T22:38:07.082Z,0,0
Micha17,1494411,failed,2025-08-07T22:38:07.088Z,0,0
makemyday1337,34036164,failed,2025-08-07T22:38:07.096Z,0,0
Rosenix,35354509,failed,2025-08-07T22:38:07.101Z,0,0
Schildi-1710,5547707,failed,2025-08-07T22:38:07.108Z,0,0
Justin334,32647763,failed,2025-08-07T22:38:07.115Z,0,0
SneakyView,36320074,failed,2025-08-07T22:38:07.121Z,0,0
Gonewildelover,36009864,failed,2025-08-07T22:38:07.127Z,0,0
DB77-14,21296493,failed,2025-08-07T22:38:07.138Z,0,0
Good_Guy_2022,16003707,failed,2025-08-07T22:38:07.143Z,0,0
Carsten12345,27557887,failed,2025-08-07T22:38:07.148Z,0,0
Mik1511,23265604,failed,2025-08-07T22:38:07.154Z,0,0
Unanständigespaar,21349803,failed,2025-08-07T22:38:07.161Z,0,0
Niklas1619,26985297,failed,2025-08-07T22:38:07.167Z,0,0
Stefanpsy85,8701617,failed,2025-08-07T22:38:07.176Z,0,0
JanMa87,33305039,failed,2025-08-07T22:38:07.182Z,0,0
Angel19090919,21492628,failed,2025-08-07T22:38:07.194Z,0,0
FullBuddy,35573614,failed,2025-08-07T22:38:07.204Z,0,0
JohnSon245,21928849,failed,2025-08-07T22:38:07.219Z,0,0
Geiler Stecher 23,25710490,failed,2025-08-07T22:38:07.233Z,0,0
FroMa91,32313542,failed,2025-08-07T22:38:07.242Z,0,0
Schuhsklave3589,6562995,failed,2025-08-07T22:38:07.248Z,0,0
hornyinFrankfurt,22764034,failed,2025-08-07T22:38:07.255Z,0,0
Thom2805,9072956,failed,2025-08-07T22:38:07.262Z,0,0
Dähnie,25129220,failed,2025-08-07T22:38:07.269Z,0,0
GMLooner,19274485,failed,2025-08-07T22:38:07.275Z,0,0
Lebensphantasie,27162942,failed,2025-08-07T22:38:07.282Z,0,0
Liebesonkel,1365464,failed,2025-08-07T22:38:07.288Z,0,0
DJasl,28953132,failed,2025-08-07T22:38:07.294Z,0,0
Martin4182,31623422,failed,2025-08-07T22:38:07.299Z,0,0
L3nny,28578917,failed,2025-08-07T22:38:07.304Z,0,0
Random97652,27718412,failed,2025-08-07T22:38:07.311Z,0,0
Gold_Ständer,8794659,failed,2025-08-07T22:38:07.318Z,0,0
Munich12345,28563107,failed,2025-08-07T22:38:07.324Z,0,0
Masato,25116250,failed,2025-08-07T22:38:07.330Z,0,0
Hol84,9786216,failed,2025-08-07T22:38:07.339Z,0,0
Neuzeitexot,9200582,failed,2025-08-07T22:38:07.346Z,0,0
deluxestern,19780175,failed,2025-08-07T22:38:07.352Z,0,0
Sklaver3568135,17876133,failed,2025-08-07T22:38:07.358Z,0,0
Maaaaxx,5354093,failed,2025-08-07T22:38:07.363Z,0,0
Leetok,19313690,failed,2025-08-07T22:38:07.367Z,0,0
Luke1495,28625822,failed,2025-08-07T22:38:07.374Z,0,0
wildcouplefri,29940622,failed,2025-08-07T22:38:07.380Z,0,0
Nathan_II,3200685,failed,2025-08-07T22:38:07.390Z,0,0
