name,ID,link
Vince_Klein,34962654,https://www.markt.de/vince_klein/userId,34962654/profile.htm
Mr Sub for Dom Arab,27012917,https://www.markt.de/mr+sub+for+dom+arab/userId,27012917/profile.htm
timmg007,20341068,https://www.markt.de/timmg007/userId,20341068/profile.htm
Suzirider,13703800,https://www.markt.de/suzirider/userId,13703800/profile.htm
dinev_ko,1723787,https://www.markt.de/dinev_ko/userId,1723787/profile.htm
TestUser1,12345,https://www.markt.de/testuser1/userId,12345/profile.htm
